sku,price
AirMeshBanner-2ft x 3ft-No eyelets,50.2
AirMeshBanner-2ft x 3ft-Eyelets all around,60.2
AirMeshBanner-2ft x 3ft-Eyelets on left hand side,70
AirMeshBanner-2ft x 3ft-Eyelets on right hand side,44
AirMeshBanner-2ft x 3ft-Eyelets in each corner,55
AirMeshBanner-3ft x 5ft-No eyelets,90
AirMeshBanner-3ft x 5ft-Eyelets all around,90
AirMeshBanner-3ft x 5ft-Eyelets on left hand side,90
AirMeshBanner-3ft x 5ft-Eyelets on right hand side,90
AirMeshBanner-3ft x 5ft-Eyelets in each corner,90
AirMeshBanner-4ft x 6ft-No eyelets,90
AirMeshBanner-4ft x 6ft-Eyelets all around,90
AirMeshBanner-4ft x 6ft-Eyelets on left hand side,90
AirMeshBanner-4ft x 6ft-Eyelets on right hand side,90
AirMeshBanner-4ft x 6ft-Eyelets in each corner,90
AirMeshBanner-5ft x 8ft-No eyelets,90
AirMeshBanner-5ft x 8ft-Eyelets all around,90
AirMeshBanner-5ft x 8ft-Eyelets on left hand side,90
AirMeshBanner-5ft x 8ft-Eyelets on right hand side,90
AirMeshBanner-5ft x 8ft-Eyelets in each corner,90
AirMeshBanner-6ft x 10ft-No eyelets,90
AirMeshBanner-6ft x 10ft-Eyelets all around,90
AirMeshBanner-6ft x 10ft-Eyelets on left hand side,90
AirMeshBanner-6ft x 10ft-Eyelets on right hand side,90
AirMeshBanner-6ft x 10ft-Eyelets in each corner,90
AirMeshBanner-8ft x 12ft-No eyelets,90
AirMeshBanner-8ft x 12ft-Eyelets all around,90
AirMeshBanner-8ft x 12ft-Eyelets on left hand side,90
AirMeshBanner-8ft x 12ft-Eyelets on right hand side,90
AirMeshBanner-8ft x 12ft-Eyelets in each corner,90
